csv,,,,
client_id,server_ip,server_port,text,test
,,,,
,,,,
1,127.0.0.1,5000,"nihao aaa I'm client,hellow aaa I'm client,I'm client and I don't wan to say anything",1_yes;2_no;3_buhaoshuo
2,127.0.0.1,5000,"nihao aaa I'm client,hellow aaa I'm client,I'm client and I don't wan to say anything",1_yes;2_no;4_buhaoshuo
3,127.0.0.1,5000,"nihao aaa I'm client,hellow aaa I'm client,I'm client and I don't wan to say anything",1_yes;2_no;5_buhaoshuo
4,127.0.0.1,5000,"nihao aaa I'm client,hellow aaa I'm client,I'm client and I don't wan to say anything",1_yes;2_no;6_buhaoshuo
5,127.0.0.1,5000,"nihao aaa I'm client,hellow aaa I'm client,I'm client and I don't wan to say anything",1_yes;2_no;7_buhaoshuo
6,127.0.0.1,5000,"nihao aaa I'm client,hellow aaa I'm client,I'm client and I don't wan to say anything",1_yes;2_no;8_buhaoshuo
7,127.0.0.1,5000,"nihao aaa I'm client,hellow aaa I'm client,I'm client and I don't wan to say anything",1_yes;2_no;9_buhaoshuo
8,127.0.0.1,5000,"nihao aaa I'm client,hellow aaa I'm client,I'm client and I don't wan to say anything",1_yes;2_no;10_buhaoshuo
9,127.0.0.1,5000,"nihao aaa I'm client,hellow aaa I'm client,I'm client and I don't wan to say anything",1_yes;2_no;11_buhaoshuo
10,127.0.0.1,5000,"nihao aaa I'm client,hellow aaa I'm client,I'm client and I don't wan to say anything",1_yes;2_no;12_buhaoshuo
11,127.0.0.1,5000,"nihao aaa I'm client,hellow aaa I'm client,I'm client and I don't wan to say anything",1_yes;2_no;13_buhaoshuo
12,127.0.0.1,5000,"nihao aaa I'm client,hellow aaa I'm client,I'm client and I don't wan to say anything",1_yes;2_no;14_buhaoshuo
13,127.0.0.1,5000,"nihao aaa I'm client,hellow aaa I'm client,I'm client and I don't wan to say anything",1_yes;2_no;15_buhaoshuo
14,127.0.0.1,5000,"nihao aaa I'm client,hellow aaa I'm client,I'm client and I don't wan to say anything",1_yes;2_no;16_buhaoshuo
15,127.0.0.1,5000,"nihao aaa I'm client,hellow aaa I'm client,I'm client and I don't wan to say anything",1_yes;2_no;17_buhaoshuo
16,127.0.0.1,5000,"nihao aaa I'm client,hellow aaa I'm client,I'm client and I don't wan to say anything",1_yes;2_no;18_buhaoshuo
17,127.0.0.1,5000,"nihao aaa I'm client,hellow aaa I'm client,I'm client and I don't wan to say anything",1_yes;2_no;19_buhaoshuo
18,127.0.0.1,5000,"nihao aaa I'm client,hellow aaa I'm client,I'm client and I don't wan to say anything",1_yes;2_no;20_buhaoshuo
19,127.0.0.1,5000,"nihao aaa I'm client,hellow aaa I'm client,I'm client and I don't wan to say anything",1_yes;2_no;21_buhaoshuo
20,127.0.0.1,5000,"nihao aaa I'm client,hellow aaa I'm client,I'm client and I don't wan to say anything",1_yes;2_no;22_buhaoshuo
21,127.0.0.1,5000,"nihao aaa I'm client,hellow aaa I'm client,I'm client and I don't wan to say anything",1_yes;2_no;23_buhaoshuo
22,127.0.0.1,5000,"nihao aaa I'm client,hellow aaa I'm client,I'm client and I don't wan to say anything",1_yes;2_no;24_buhaoshuo
23,127.0.0.1,5000,"nihao aaa I'm client,hellow aaa I'm client,I'm client and I don't wan to say anything",1_yes;2_no;25_buhaoshuo
24,127.0.0.1,5000,"nihao aaa I'm client,hellow aaa I'm client,I'm client and I don't wan to say anything",1_yes;2_no;26_buhaoshuo
25,127.0.0.1,5000,"nihao aaa I'm client,hellow aaa I'm client,I'm client and I don't wan to say anything",1_yes;2_no;27_buhaoshuo
26,127.0.0.1,5000,"nihao aaa I'm client,hellow aaa I'm client,I'm client and I don't wan to say anything",1_yes;2_no;28_buhaoshuo
27,127.0.0.1,5000,"nihao aaa I'm client,hellow aaa I'm client,I'm client and I don't wan to say anything",1_yes;2_no;29_buhaoshuo
28,127.0.0.1,5000,"nihao aaa I'm client,hellow aaa I'm client,I'm client and I don't wan to say anything",1_yes;2_no;30_buhaoshuo
29,127.0.0.1,5000,"nihao aaa I'm client,hellow aaa I'm client,I'm client and I don't wan to say anything",1_yes;2_no;31_buhaoshuo
30,127.0.0.1,5000,"nihao aaa I'm client,hellow aaa I'm client,I'm client and I don't wan to say anything",1_yes;2_no;32_buhaoshuo
31,127.0.0.1,5000,"nihao aaa I'm client,hellow aaa I'm client,I'm client and I don't wan to say anything",1_yes;2_no;32_buhaoshuo
32,127.0.0.1,5000,"nihao aaa I'm client,hellow aaa I'm client,I'm client and I don't wan to say anything",1_yes;2_no;32_buhaoshuo
33,127.0.0.1,5000,"nihao aaa I'm client,hellow aaa I'm client,I'm client and I don't wan to say anything",1_yes;2_no;32_buhaoshuo
34,127.0.0.1,5000,"nihao aaa I'm client,hellow aaa I'm client,I'm client and I don't wan to say anything",1_yes;2_no;32_buhaoshuo
35,127.0.0.1,5000,"nihao aaa I'm client,hellow aaa I'm client,I'm client and I don't wan to say anything",1_yes;2_no;32_buhaoshuo
36,127.0.0.1,5000,"nihao aaa I'm client,hellow aaa I'm client,I'm client and I don't wan to say anything",1_yes;2_no;32_buhaoshuo
37,127.0.0.1,5000,"nihao aaa I'm client,hellow aaa I'm client,I'm client and I don't wan to say anything",1_yes;2_no;32_buhaoshuo
38,127.0.0.1,5000,"nihao aaa I'm client,hellow aaa I'm client,I'm client and I don't wan to say anything",1_yes;2_no;32_buhaoshuo
39,127.0.0.1,5000,"nihao aaa I'm client,hellow aaa I'm client,I'm client and I don't wan to say anything",1_yes;2_no;32_buhaoshuo
40,127.0.0.1,5000,"nihao aaa I'm client,hellow aaa I'm client,I'm client and I don't wan to say anything",1_yes;2_no;32_buhaoshuo
41,127.0.0.1,5000,"nihao aaa I'm client,hellow aaa I'm client,I'm client and I don't wan to say anything",1_yes;2_no;32_buhaoshuo
42,127.0.0.1,5000,"nihao aaa I'm client,hellow aaa I'm client,I'm client and I don't wan to say anything",1_yes;2_no;32_buhaoshuo
43,127.0.0.1,5000,"nihao aaa I'm client,hellow aaa I'm client,I'm client and I don't wan to say anything",1_yes;2_no;32_buhaoshuo
44,127.0.0.1,5000,"nihao aaa I'm client,hellow aaa I'm client,I'm client and I don't wan to say anything",1_yes;2_no;32_buhaoshuo
45,127.0.0.1,5000,"nihao aaa I'm client,hellow aaa I'm client,I'm client and I don't wan to say anything",1_yes;2_no;32_buhaoshuo
46,127.0.0.1,5000,"nihao aaa I'm client,hellow aaa I'm client,I'm client and I don't wan to say anything",1_yes;2_no;32_buhaoshuo
47,127.0.0.1,5000,"nihao aaa I'm client,hellow aaa I'm client,I'm client and I don't wan to say anything",1_yes;2_no;32_buhaoshuo
48,127.0.0.1,5000,"nihao aaa I'm client,hellow aaa I'm client,I'm client and I don't wan to say anything",1_yes;2_no;32_buhaoshuo
49,127.0.0.1,5000,"nihao aaa I'm client,hellow aaa I'm client,I'm client and I don't wan to say anything",1_yes;2_no;32_buhaoshuo
50,127.0.0.1,5000,"nihao aaa I'm client,hellow aaa I'm client,I'm client and I don't wan to say anything",1_yes;2_no;32_buhaoshuo
51,127.0.0.1,5000,"nihao aaa I'm client,hellow aaa I'm client,I'm client and I don't wan to say anything",1_yes;2_no;32_buhaoshuo
52,127.0.0.1,5000,"nihao aaa I'm client,hellow aaa I'm client,I'm client and I don't wan to say anything",1_yes;2_no;32_buhaoshuo
53,127.0.0.1,5000,"nihao aaa I'm client,hellow aaa I'm client,I'm client and I don't wan to say anything",1_yes;2_no;32_buhaoshuo
54,127.0.0.1,5000,"nihao aaa I'm client,hellow aaa I'm client,I'm client and I don't wan to say anything",1_yes;2_no;32_buhaoshuo
55,127.0.0.1,5000,"nihao aaa I'm client,hellow aaa I'm client,I'm client and I don't wan to say anything",1_yes;2_no;32_buhaoshuo
56,127.0.0.1,5000,"nihao aaa I'm client,hellow aaa I'm client,I'm client and I don't wan to say anything",1_yes;2_no;32_buhaoshuo
57,127.0.0.1,5000,"nihao aaa I'm client,hellow aaa I'm client,I'm client and I don't wan to say anything",1_yes;2_no;32_buhaoshuo
58,127.0.0.1,5000,"nihao aaa I'm client,hellow aaa I'm client,I'm client and I don't wan to say anything",1_yes;2_no;32_buhaoshuo
59,127.0.0.1,5000,"nihao aaa I'm client,hellow aaa I'm client,I'm client and I don't wan to say anything",1_yes;2_no;32_buhaoshuo
60,127.0.0.1,5000,"nihao aaa I'm client,hellow aaa I'm client,I'm client and I don't wan to say anything",1_yes;2_no;32_buhaoshuo
61,127.0.0.1,5000,"nihao aaa I'm client,hellow aaa I'm client,I'm client and I don't wan to say anything",1_yes;2_no;32_buhaoshuo
62,127.0.0.1,5000,"nihao aaa I'm client,hellow aaa I'm client,I'm client and I don't wan to say anything",1_yes;2_no;32_buhaoshuo
63,127.0.0.1,5000,"nihao aaa I'm client,hellow aaa I'm client,I'm client and I don't wan to say anything",1_yes;2_no;32_buhaoshuo
